Name,Password,Aadhar,PAN,Contact,Credit_Card
Amit Sharma,amit123,9876-5432-1098,MNOP5678C,+91 7654321098,1234-5678-9012-3456
Neha Verma,neha789,3456-7890-1234,UVWX5678H,+91 8765432101,2345-6789-0123-4567
Rahul Kapoor,rahul567,6543-2109-8765,GHIJ4567K,+91 6789012345,3456-7890-1234-5678
Kavya Reddy,kavya123,8901-2345-6789,LKJI7890E,+91 9876543210,4567-9012-3456-7890
Vikram Singh,vikram789,2345-6789-0123,OPQR9012A,+91 5432109876,5678-9012-3456-7890
Ananya Gupta,ananya567,5678-9012-3456,WXYZ1234P,+91 8765432109,6789-0123-4567-8901
Rajat Verma,rajat123,7890-1234-5678,BCDE5678I,+91 7654321098,7890-1234-5678-9012
Priya Yadav,priya789,1234-5678-9012,FGHI1234Q,+91 6543210987,8901-2345-6789-0123
Shubham Patel,shubham567,4567-8901-2345,JIKL9012R,+91 5432109876,9012-3456-7890-1234
Tanvi Kumar,tanvi123,6789-0123-4567,LMNO4567S,+91 9876543210,0123-4567-8901-2345
Mayank Sharma,mayank789,8901-2345-6789,HGFE5678T,+91 8765432109,1234-5678-9012-3456
Anjali Reddy,anjali567,2345-6789-0123,IJKL9012U,+91 7654321098,2345-6789-0123-4567
Arjun Gupta,arjun123,5678-9012-3456,PQRS1234V,+91 6543210987,3456-7890-1234-5678
Sanya Verma,sanya789,7890-1234-5678,IJKL5678W,+91 5432109876,4567-9012-3456-7890
Rajesh Kumar,rajesh567,5678-9012-3456,WXYZ1234X,+91 9876543210,5678-9012-3456-7890
Aishwarya Patel,aishwarya123,1234-5678-9012,ABCDE5678Y,+91 8765432109,9012-3456-7890-1234
Vivek Singh,vivek789,3456-7890-1234,UVWX9012Z,+91 7654321098,0123-4567-8901-2345
Riya Kapoor,riya123,6543-2109-8765,GHIJ9012AA,+91 6789012345,1234-5678-9012-3456
Aniket Yadav,aniket789,8901-2345-6789,LKJI5678AB,+91 9876543210,2345-6789-0123-4567
Aarohi Patel,aarohi567,5678-9012-3456,WXYZ1234AC,+91 8765432109,3456-7890-1234-5678
Rajeev Kumar,rajeev123,7890-1234-5678,BCDE5678AD,+91 7654321098,4567-9012-3456-7890
Prisha Verma,prisha789,1234-5678-9012,FGHI1234AE,+91 6543210987,5678-9012-3456-7890
Sarthak Patel,sarthak567,4567-8901-2345,JIKL9012AF,+91 5432109876,6789-0123-4567-8901
Ritika Kumar,ritika123,6789-0123-4567,LMNO4567AG,+91 9876543210,7890-1234-5678-9012
Aryan Sharma,aryan789,8901-2345-6789,HGFE5678AH,+91 8765432109,8901-2345-6789-0123
Nandini Reddy,nandini567,2345-6789-0123,IJKL9012AI,+91 7654321098,9012-3456-7890-1234
Aditya Gupta,aditya123,5678-9012-3456,PQRS1234AJ,+91 6543210987,0123-4567-8901-2345
Sakshi Verma,sakshi789,7890-1234-5678,IJKL5678AK,+91 5432109876,1234-5678-9012-3456
Alok Kumar,alok123,5678-9012-3456,WXYZ1234AL,+91 9876543210,2345-6789-0123-4567
Kirti Patel,kirti789,1234-5678-9012,ABCDE5678AM,+91 8765432109,3456-7890-1234-5678
Aarav Singh,aarav567,3456-7890-1234,UVWX9012AN,+91 7654321098,4567-9012-3456-7890
Tanisha Gupta,tanisha123,6543-2109-8765,GHIJ4567AO,+91 6789012345,5678-9012-3456-7890
Rajat Verma,rajat789,8901-2345-6789,LKJI7890AP,+91 9876543210,6789-0123-4567-8901
Aditi Patel,aditi567,2345-6789-0123,OPQR9012AQ,+91 8765432109,7890-1234-5678-9012
Surya Kumar,surya123,5678-9012-3456,HGFE5678AR,+91 7654321098,8901-2345-6789-0123
Anvi Verma,anvi789,8901-2345-6789,IJKL9012AS,+91 6543210987,9012-3456-7890-1234
Kabir Sharma,kabir567,2345-6789-0123,PQRS1234AT,+91 5432109876,0123-4567-8901-2345
Shreya Patel,shreya123,5678-9012-3456,WXYZ1234AU,+91 9876543210,1234-5678-9012-3456
Rahul Gupta,rahul789,7890-1234-5678,ABCDE5678AV,+91 8765432109,2345-6789-0123-4567
Tanya Singh,tanya567,1234-5678-9012,FGHI1234AW,+91 7654321098,3456-7890-1234-5678
Sahil Verma,sahil123,4567-8901-2345,JIKL9012AX,+91 6543210987,4567-9012-3456-7890
Nikita Patel,nikita789,6789-0123-4567,LMNO4567AY,+91 5432109876,5678-9012-3456-7890
Karan Sharma,karan567,8901-2345-6789,HGFE5678AZ,+91 9876543210,6789-0123-4567-8901
Swati Gupta,swati123,2345-6789-0123,IJKL9012BA,+91 8765432109,7890-1234-5678-9012
Vishal Singh,vishal789,5678-9012-3456,PQRS1234BB,+91 7654321098,8901-2345-6789-0123
Anushka Patel,anushka567,7890-1234-5678,ABCDE5678BC,+91 6543210987,9012-3456-7890-1234
Sahana Kumar,sahana123,5678-9012-3456,FGHI1234BD,+91 5432109876,0123-4567-8901-2345
Rohan Verma,rohan789,1234-5678-9012,JIKL9012BE,+91 9876543210,1234-5678-9012-3456
Varsha Singh,varsha567,3456-7890-1234,LMNO4567BF,+91 8765432109,2345-6789-0123-4567
Siddharth Patel,siddharth123,6543-2109-8765,OPQR9012BG,+91 7654321098,3456-7890-1234-5678
Ishita Gupta,ishita789,8901-2345-6789,HGFE5678BH,+91 6543210987,4567-9012-3456-7890
Rishi Sharma,rishi567,2345-6789-0123,IJKL9012BI,+91 5432109876,5678-9012-3456-7890
Manvi Patel,manvi123,5678-9012-3456,WXYZ1234BJ,+91 9876543210,6789-0123-4567-8901
Kunal Kumar,kunal789,7890-1234-5678,ABCDE5678BK,+91 8765432109,7890-1234-5678-9012
Anika Singh,anika567,1234-5678-9012,FGHI1234BL,+91 7654321098,8901-2345-6789-0123
Samar Verma,samar123,4567-8901-2345,JIKL9012BM,+91 6543210987,9012-3456-7890-1234
Sanvi Patel,sanvi789,6789-0123-4567,LMNO4567BN,+91 5432109876,0123-4567-8901-2345
Aryan Sharma,aryan567,8901-2345-6789,HGFE5678BO,+91 9876543210,1234-5678-9012-3456
Navya Gupta,navya123,2345-6789-0123,IJKL9012BP,+91 8765432109,2345-6789-0123-4567
Aditya Patel,aditya789,5678-9012-3456,PQRS1234BQ,+91 7654321098,3456-7890-1234-5678
Tara Singh,tara123,7890-1234-5678,ABCDE5678BR,+91 6543210987,4567-9012-3456-7890
Andrea Patel,andrea567,1234-5678-9012,FGHI1234BS,+91 5432109876,5678-9012-3456-7890
Rohit Kumar,rohit123,4567-8901-2345,JIKL9012BT,+91 9876543210,6789-0123-4567-8901
Anaya Singh,anaya789,6789-0123-4567,LMNO4567BU,+91 8765432109,7890-1234-5678-9012
Aryan Verma,aryan123,8901-2345-6789,HGFE5678BV,+91 7654321098,8901-2345-6789-0123
Nisha Patel,nisha789,2345-6789-0123,IJKL9012BW,+91 6543210987,9012-3456-7890-1234
Rahul Singh,rahul567,5678-9012-3456,PQRS1234BX,+91 5432109876,0123-4567-8901-2345
Simran Verma,simran123,7890-1234-5678,ABCDE5678BY,+91 8765432109,1234-5678-9012-3456
Ayaan Patel,ayaan789,1234-5678-9012,FGHI1234BZ,+91 7654321098,2345-6789-0123-4567
Anvi Kumar,anvi567,3456-7890-1234,UVWX9012CA,+91 6543210987,3456-7890-1234-5678
Rohan Sharma,rohan123,6543-2109-8765,GHIJ9012CB,+91 67849994,3456-456-112-1223

John Doe,johndoe123,4567-8901-2345,LMNO5678S,+91 9876543210,5678-9012-3456-7890
Jane Smith,janesmith789,6789-0123-4567,OPQR9012T,+91 8765432109,6789-0123-4567-8901
Michael Johnson,michael567,8901-2345-6789,HGFE5678U,+91 7654321098,7890-1234-5678-9012
Emily Davis,emily789,1234-5678-9012,IJKL1234V,+91 6543210987,8901-2345-6789-0123
Christopher Lee,chris567,2345-6789-0123,PQRS5678W,+91 5432109876,9012-3456-7890-1234
Sophia Kim,sophia123,3456-7890-1234,UVWX9012X,+91 9876543210,0123-4567-8901-2345
Daniel Wilson,daniel789,5678-9012-3456,ABCDE5678Y,+91 8765432109,1234-5678-9012-3456
Olivia Moore,olivia567,7890-1234-5678,FGHI1234Z,+91 7654321098,2345-6789-0123-4567
Ethan Taylor,ethan123,8901-2345-6789,LKJI5678AA,+91 6543210987,3456-7890-1234-5678
Emma Anderson,emma789,2345-6789-0123,IJKL9012AB,+91 5432109876,4567-9012-3456-7890
James Brown,james123,4567-8901-2345,WXYZ1234AC,+91 
